variance,skewness,kurtosis,entropy,class
18825.794527435308,-0.05691406250000002,0.01807291666666667,-0.006236979166666664,1
6841.258239490722,0.08082682291666667,0.14818359375000004,0.0006445312500000105,1
14475.979899366212,0.004667968750000022,-0.027246093750000023,-0.0004101562500000269,1
13457.590618130114,0.005748697916666679,0.011881510416666685,0.01988932291666669,1
9374.13818446821,-0.11940755208333338,-0.03465494791666672,0.003339843750000002,1
9530.563291559476,-0.19685546875000004,0.008808593750000005,0.004160156249999978,1
12309.87807805566,-0.1621875,-0.08343749999999997,-0.0061067708333333295,1
8511.38051017236,-0.18796875000000002,-0.04510416666666672,0.0040234375000000044,1
9100.415273559402,-0.03242187499999999,-0.02196614583333327,-0.026927083333333345,1
7313.416139707951,0.12095052083333335,-0.027161458333333298,0.006484374999999956,1
6966.1341236103935,0.14943359374999995,-0.04921223958333338,-0.0018424479166667088,1
13587.108355440103,-0.15981770833333334,-0.044908854166666644,-0.0014062499999999806,1
12608.260782444215,-0.1126236979166667,0.003899739583333397,0.0091471354166667,1
5646.48928123915,0.1323697916666667,-0.12972656250000006,-0.0004557291666666633,1
8650.047288403153,0.01460937499999998,0.042330729166666616,-0.004114583333333325,1
16452.60152024329,0.00481119791666664,-0.02375651041666661,0.004433593749999962,1
12394.251932041427,-0.0007291666666666341,-0.0022916666666666346,-0.0026822916666666783,1
2790.8225721327044,0.09859375000000004,0.0010546874999999214,0.0027473958333333335,1
2737.162274706354,0.10941406250000005,0.007395833333333326,-0.0009505208333333507,1
9319.071232279293,-0.08546875,0.1432552083333334,-0.00256510416666666,1
12822.013193977187,0.009804687499999989,-0.013515625000000015,0.0020442708333333263,1
12731.300723563472,0.11735677083333333,-0.028059895833333334,0.007747395833333366,1
7971.395916218909,-0.036549479166666676,-0.02425781250000003,-0.0018098958333333422,1
9163.580175893108,-0.008235677083333316,0.019850260416666616,0.0033007812500000394,1
7305.606476439372,0.04504557291666666,-0.043587239583333326,0.006230468750000002,1
2219.070721479248,-0.015462239583333356,-0.0515299479166667,0.007024739583333304,1
2992.5568559973412,0.08633463541666671,-0.03725911458333334,0.003899739583333249,1
5596.083986435956,0.035924479166666676,0.02654947916666673,-0.007708333333333302,1
5330.345239807765,-0.06684244791666664,-0.0375065104166667,-0.0037044270833332883,1
7189.316939964296,0.06380208333333337,-0.048619791666666745,-0.013893229166666642,1
7760.6843650807305,-0.016816406250000006,-0.01918619791666662,0.0042903645833333075,1
9252.261258544755,0.0027994791666666606,-0.07825520833333334,0.010651041666666644,1
2934.3663601804965,0.06468750000000005,-0.06910156250000002,-0.0003385416666666516,1
7766.240170572876,-0.05663411458333337,-0.017402343750000045,-0.007298177083333298,1
8968.069540377768,0.07531901041666669,-0.00242838541666669,-0.005436197916666653,1
14301.26347000593,0.033053385416666664,0.019967447916666683,0.008339843749999985,1
20602.825155978742,-0.334140625,0.019192708333333273,0.0037239583333333348,1
11780.867497802059,0.02305989583333338,-0.026640625000000043,0.0009244791666666515,1
18184.88883680009,-0.09419921875,0.08873046875000003,-0.0008919270833333475,1
18542.507185739476,-0.09874999999999995,0.10139322916666671,-0.002565104166666689,1
18614.576873641592,-0.17162109375000004,0.06798828125,0.004329427083333348,1
6127.230789794246,-0.08929687500000004,-0.006250000000000005,-0.004557291666666634,1
12091.651414577234,0.04959635416666669,-0.06434895833333334,0.0029557291666666495,1
13917.366703990305,0.03624348958333334,-0.00645182291666663,-0.0010351562499999968,1
4005.2413552174476,0.17389973958333335,0.04945963541666666,0.009628906250000022,1
4463.54286337751,0.1691731770833333,0.01147786458333338,-0.00018880208333335084,1
5355.381567447919,0.0834635416666667,-0.06799479166666664,-0.00041666666666666897,1
5831.795399319079,0.05688151041666669,-0.04048828124999999,0.009537760416666664,1
5851.365937676962,0.07395182291666669,-0.013248697916666677,0.006751302083333357,1
3655.855382470026,0.081796875,0.03138020833333336,0.0044270833333333376,1
20276.844539285234,-0.02904296874999998,-0.15323567708333335,0.008535156250000005,1
13745.489726438907,-0.08196614583333331,-0.05695312499999995,-0.013203125000000012,1
4194.756487823107,-0.042024739583333325,0.04280598958333322,0.010800781249999981,1
5723.4482612628535,-0.04966145833333328,0.03610677083333337,-0.0010156249999999838,1
5998.376120240911,-0.015722656249999994,0.07003255208333327,-0.005410156250000003,1
2080.648415769959,-0.031979166666666635,0.008372395833333435,-0.002265624999999974,1
7417.149343867834,0.07088541666666669,0.009088541666666698,0.008242187499999998,1
6386.843650335695,0.06516927083333333,-0.05095052083333336,0.014557291666666694,1
12996.218481759986,0.04363281250000005,0.01734375,0.04149739583333332,1
15687.228670362309,0.029628906250000024,-0.08487630208333335,-0.028183593750000017,1
25601.530988006554,0.026256510416666642,-0.009042968750000008,9.765625000001806e-05,0
10539.08972603082,-0.17279947916666666,0.01817708333333332,0.009049479166666693,0
23825.338183582906,0.0032812500000000007,0.0012630208333332352,-0.001210937499999995,0
25056.90527718083,0.021770833333333357,-0.025729166666666713,-0.00022135416666662724,0
20759.808925006066,-0.14270182291666667,-0.0033789062500000724,-0.0009830729166666588,0
18723.198675343792,-0.016959635416666667,-0.0028971354166665727,-0.0010481770833333452,0
11936.825488704431,-0.0783203125,0.037981770833333296,0.00010416666666668299,0
8386.911401094398,-0.0441015625,-0.010546875000000032,0.0001302083333333256,0
29045.754537872283,-0.0023111979166666667,-0.001022135416666722,0.015605468750000013,0
21113.215805201173,-0.16008463541666668,-0.002272135416666626,0.0006445312499999657,0
19118.5056362423,-0.006998697916666643,0.004824218750000005,9.765625000001844e-05,0
16052.278515765891,0.0040625,-0.0001041666666666639,0.0002994791666666524,0
29501.142226977503,0.012727864583333333,-0.05474609375000002,-0.00024088541666668017,0
5628.934646256511,-0.06261718750000002,-0.1932552083333333,0.0008723958333333259,0
4610.356629605443,-0.005794270833333321,-0.0002473958333333504,0.0004166666666666613,0
6058.668199075955,0.20301432291666663,0.0033398437500000355,0.00034505208333332666,0
6465.3248467030435,0.0020247395833333333,0.011959635416666671,0.0010221354166666651,0
16183.692606597226,-0.0067187499999999765,-0.06334635416666669,-0.005013020833333337,0
6646.2999740250925,0.020136718750000036,-0.024746093750000007,0.001855468749999981,0
20026.628620225652,-0.00662109375,-0.035839843750000044,0.0023893229166666585,0
21823.483626164718,-0.0036914062499999764,0.0005273437500000134,0.0003580729166666652,0
14562.067731842004,0.017779947916666643,-0.032884114583333415,0.0025846354166667194,0
12244.179475071169,0.16461588541666666,-0.005345052083333332,-0.00025390625000002717,0
20913.40684651693,0.47671875,-0.04598958333333334,0.003541666666666657,0
16801.476508646487,-0.0017187499999999764,-0.012903645833333345,0.00033854166666665654,0
14188.322448240115,0.14154296874999994,-0.024238281249999948,0.0040820312500000145,0
11342.512624129235,-0.19609375000000004,-0.007408854166666764,0.004179687500000028,0
10952.34932029008,-0.026373697916666668,-0.10464192708333335,-0.0034309895833333657,0
57743.072481801,0.17176432291666666,-0.0033919270833334013,0.0024804687499999883,0
9775.494072026533,-0.08176432291666673,0.1268684895833333,0.0013346354166666433,0
19481.69441100867,0.008665364583333333,0.009537760416666602,0.024928385416666657,0
12107.147536209959,-0.10131510416666667,-0.03276041666666667,0.0012499999999999822,0
19284.392317801758,-0.0026562499999999993,1.3020833333345303e-05,0.0032031249999999872,0
12223.612090098068,0.058919270833333336,-0.0019270833333333314,-0.0017578125000000026,0
19619.946392658832,0.029153645833333332,0.04227864583333336,-0.000703125,0
35214.75412829891,-0.030839843750000047,0.007871093750000032,-0.003105468749999986,0
20014.99192985531,0.04992838541666662,0.045045572916666644,0.005774739583333347,0
6523.535329670547,0.0727994791666667,0.018749999999999992,-0.0019401041666666226,0
33161.23574110986,0.00763671875,-5.859374999993244e-05,0.00013671875000000655,0
16152.059498924731,-0.008600260416666661,0.0229752604166667,-0.0017252604166666807,0
9895.506848144363,0.010156250000000012,0.059192708333333455,-0.0025911458333333468,0
12100.409825302764,0.04427734375000001,0.013092447916666621,0.0008007812499999866,0
23670.80149961328,0.0284765625,-0.003684895833333349,-0.0005078125000000052,0
3777.2662907460112,0.04652994791666667,0.0027148437500000067,0.000592447916666653,0
16831.80088417219,0.0010221354166666666,0.03236328125000005,-0.0001367187500000099,0
36500.85655696344,-0.06075520833333328,-0.0038281249999999054,0.002812499999999969,0
25990.97385792627,-0.006119791666666667,0.0012499999999999996,0.00022135416666666893,0
8410.122516866008,-0.08259765625,0.011647135416666718,-0.003079427083333372,0
13825.844720587671,-0.010182291666666666,-0.0016666666666666616,-0.0043619791666666624,0
23068.655308610665,-0.35656901041666667,-0.32843098958333344,4.5572916666654756e-05,0
23019.12307391659,-0.34208984375,-0.0645768229166666,-0.008795572916666645,0
14265.94273490902,0.20886067708333328,-0.008261718749999878,0.0004361979166666538,0
9225.294699116856,-0.003255208333333357,-0.0028255208333333184,-0.01403645833333335,0
9494.627948648413,0.06010416666666667,-0.04531249999999998,0.00539062500000001,0
23222.71946860607,0.059231770833333336,-0.031718749999999934,-0.0024999999999999844,0
14676.371239794247,0.04817708333333338,0.06800781249999999,0.0029036458333333392,0
7738.95209116512,-0.026972656249999987,0.004016927083333341,-0.0034049479166666807,0
32486.733703124337,0.03453125,-0.011601562500000046,0.0066276041666666775,0
10868.089172100452,0.10389973958333336,-0.08600911458333334,0.0017122395833333503,0
12700.855347517865,0.00020182291666666685,-0.022975260416666667,0.0008138020833333476,0
3977.5342380038796,0.08808593749999998,-0.05460937499999995,0.005403645833333354,1
2456.938497199844,-0.06602864583333337,0.0654817708333333,-0.004583333333333332,1
5158.340423177084,-0.10484375000000003,0.0065625000000000405,0.002760416666666673,1
13004.936257173498,0.24899739583333333,-0.06776041666666664,-0.00041666666666669315,1
12189.094206215925,0.19365885416666667,0.02350260416666667,0.01595052083333335,1
7623.955999979487,0.07119791666666664,0.05321614583333332,0.0018489583333333266,1
13771.6371918477,-0.10447265625000002,0.024472656249999978,0.001647135416666655,1
12748.856021439238,-0.03236328124999998,0.017233072916666727,0.002259114583333368,1
15125.67367134332,0.06529947916666669,0.04778645833333339,-0.010533854166666657,1
19911.06986933323,-0.04488281249999997,0.05671875000000006,0.00975260416666669,1
3632.607429646768,0.0036002604166666865,0.19085286458333323,0.0002018229166666649,1
3462.301896910096,-0.24212239583333328,-0.10828125000000006,-0.0013541666666666726,1
3456.099013159011,-0.07343750000000002,-0.024882812500000007,-0.038828125000000005,1
2346.1074733479822,-0.07233072916666664,0.04959635416666666,-0.00013020833333329175,1
3285.528234247802,-0.020696614583333345,0.013782552083333259,0.0013216145833333502,1
1953.6466691578762,0.0893684895833333,0.01988932291666667,-0.001933593749999988,1
8980.8240602239,-0.0721875,0.03484374999999999,-0.004544270833333339,1
17405.580559383776,-0.09166015625,0.08647786458333336,-0.010058593749999985,1
20985.788895934893,0.13111979166666665,-0.10997395833333326,-0.0007161458333333291,1
7479.571547314285,0.10473958333333329,0.07011718750000008,0.010729166666666661,1
6137.166299979487,0.059973958333333306,0.1099088541666666,-0.0027604166666666645,1
3100.4368208821197,-0.028899739583333334,0.0744596354166666,-0.006542968749999992,1
12068.38213686791,0.08410807291666669,0.13168619791666672,-0.005136718750000008,1
11216.091339040082,0.13090494791666665,0.0162174479166667,0.009186197916666684,1
10554.388688907879,0.0516536458333333,-0.05182291666666668,-0.008216145833333334,1
17318.00759714339,-0.22981770833333334,0.05312500000000007,-0.004205729166666701,1
14340.44120523258,-0.3451953125,0.020429687500000033,-0.017825520833333296,1
16507.793780309894,-0.05074218749999997,0.1407942708333333,-0.00035156249999999733,1
4996.757268141641,-0.06751953125,-0.058352864583333296,0.011503906250000008,1
4294.289163675902,0.011751302083333333,-0.06371744791666671,-0.002194010416666701,1
4111.4160084278965,-0.22705078125,-0.011074218749999958,-0.008222656249999979,1
5087.940268147618,0.09494791666666665,0.04471354166666674,0.003294270833333327,1
8850.13800840234,-0.0659375,0.012421875000000002,-0.011445312499999982,1
6528.520489410021,-0.06538411458333332,0.02401692708333332,-0.002050781250000015,1
6570.547824600179,-0.04190755208333334,0.060748697916666705,-0.006673177083333368,1
5595.180756335409,0.06163411458333334,0.0921158854166667,0.0008658854166666631,1
4468.503864455796,-0.05695963541666664,-0.046660156249999966,0.005813802083333323,1
10281.429494410157,0.19873046875000006,-0.0051627604166666645,-0.0027148437500000306,1
11289.212037109208,0.03562499999999996,-0.04838541666666672,0.0007942708333333455,1
9373.497836826582,-0.13778645833333333,-0.1380208333333334,0.01067708333333336,1
7882.16336749607,0.17483072916666673,0.04274739583333335,0.003697916666666655,1
5767.45251613617,-0.08944010416666667,-0.10342447916666672,0.0010286458333333055,1
7419.5509953812925,0.17634765625,0.008938802083333374,0.0025976562500000158,1
8305.273279429079,0.21073567708333338,0.022024739583333355,-0.0027018229166666887,1
12000.614394463055,0.0787174479166667,-0.20509765625,-0.006920572916666637,1
13738.65671381086,0.18542317708333333,-0.03304036458333334,0.003652343749999988,1
4197.874499443521,0.13283203125,-0.04431640624999999,-0.0019335937499999885,1
5704.842512023884,0.03360026041666668,0.025983072916666707,0.0038867187499999926,1
6184.873795263504,-0.05213541666666663,-0.05248697916666663,-0.0038281249999999535,1
4518.787056634523,0.03446614583333331,-0.009062499999999989,0.01516927083333335,1
12307.621896329712,0.2279622395833334,-0.010579427083333348,-0.02353515625,1
12326.778591402017,-0.013229166666666667,0.02045572916666673,0.01447916666666667,1
12972.184674879969,0.02108072916666669,-0.08559895833333335,0.003606770833333324,1
12143.852605726459,-0.014596354166666655,-0.0319270833333333,0.008502604166666681,1
10870.24894503513,0.09825520833333333,-0.09925781250000007,-0.06584635416666666,1
12370.415615392012,0.007285156250000023,-0.10324869791666663,0.0075325520833333555,1
16379.98432878584,-0.03460286458333333,-0.007037760416666646,0.01478515625000003,1
14706.63462837457,-0.020117187499999974,-0.02342447916666665,0.00794270833333334,1
2538.35874864892,-0.018450520833333303,0.12268229166666664,0.018776041666666674,1
2588.4040652336976,0.3126171875,0.0715885416666667,-0.03061197916666666,1
14927.44604020115,0.008320312499999977,0.0015755208333333192,0.008593749999999999,0
7868.653483121067,0.08657552083333331,-0.06798177083333336,-0.0019791666666666495,0
22155.84890120609,0.024537760416666665,0.01206380208333337,-0.06449869791666671,0
3747.350755864081,0.055761718749999974,0.0007226562500001,-0.00021484375000000984,0
21000.621295252444,0.033079427083333335,-0.003287760416666677,0.00026692708333331836,0
24546.18508227472,-0.028515625,-0.03002604166666676,0.0015364583333333473,0
23974.655435892702,0.12572265625,0.0035351562499998787,0.0023242187499999843,0
11415.664434111872,0.0003255208333333104,0.009960937499999992,-0.0005989583333333218,0
14250.701720181616,-0.04856770833333332,0.0022395833333332935,-0.0012499999999999855,0
12544.035990661243,-0.01037109375,-0.008821614583333364,-0.00190755208333334,0
20775.787444720972,-0.16891927083333333,-0.18651041666666668,-0.00023437499999999324,0
8377.88217762549,-0.005358072916666666,0.03832682291666671,-8.463541666666338e-05,0
28679.416712106664,-0.11675781249999993,-0.056914062500000154,-0.0017968749999999964,0
8054.8765090592715,-0.14451171875,-0.08037109374999998,0.0073763020833333215,0
9686.905155425353,-0.009778645833333325,-0.005872395833333311,-0.002187500000000006,0
16324.306265944379,0.02873046875,-0.016308593750000024,-0.0008919270833333579,0
16775.29849918552,0.0009375000000000119,0.006002604166666662,0.0015494791666666786,0
20107.42269420302,-0.018984375000000046,0.0063541666666666425,-0.0002083333333333548,0
2781.975371234089,0.006061197916666678,-0.030488281249999957,0.0013216145833332977,0
12363.947332132937,-0.003769531249999988,0.07591796875,0.0060221354166666696,0
9029.2592080402,0.025117187500000016,0.007239583333333348,0.007890624999999998,0
21189.834340540532,0.007102864583333333,0.025188802083333326,-0.0016861979166666527,0
12801.734889437825,-0.0074544270833333155,0.0057877604166667014,0.0022591145833333144,0
15537.600225972325,-0.16244791666666666,0.004648437499999923,0.0007812500000000042,0
15410.169610439561,0.1429296875,-0.09386718749999992,0.003997395833333334,0
5562.460936766902,0.07415364583333339,-0.02343750000000005,-0.007408854166666661,0
6796.914998641928,0.005488281250000012,0.004016927083333347,-7.161458333332676e-05,0
7044.476323461534,0.19237630208333337,0.012089843750000008,-0.0019075520833333377,0
10746.489362853838,0.3018880208333333,-0.002799479166666738,0.0007161458333333178,0
3348.135203571066,-0.07182291666666664,0.05273437499999999,0.011002604166666688,0
11724.084375000004,-0.0002473958333333445,0.0014713541666665974,5.208333333330493e-05,0
18258.88561818424,0.015143229166666619,0.009322916666666684,0.0021874999999999837,0
16256.815238291429,-0.0296875,0.00020833333333332213,-0.003489583333333311,0
13421.749206676868,0.009772135416666643,0.0037955729166666754,-0.0006315104166666618,0
2776.122706290522,-0.11817708333333334,0.013125000000000029,0.0006119791666666743,0
16682.67376191199,-0.08318359375,0.04565755208333336,-0.00020182291666666482,0
15932.444075509986,-0.03665364583333335,0.05914062500000001,-0.0024348958333333393,0
15282.283431050455,-0.03904947916666669,-0.00013020833333332436,-0.0012500000000000302,0
17296.14068290605,0.02822265625,-0.06550130208333328,0.004342447916666651,0
5384.6015755309645,-0.010045572916666667,-0.016204427083333296,0.0010872395833333463,0
31162.127478342027,-0.010312499999999976,0.0023437500000000316,0.004036458333333336,0
6939.7146184921285,-0.005937499999999982,-0.02319010416666663,-0.004296874999999982,0
9396.74570392185,-0.008242187499999953,0.022708333333333386,-0.0009505208333333293,0
9324.680081973229,-0.08982421875,-0.07185546874999998,-0.006048177083333304,0
17760.33392102047,0.0033268229166666667,0.003352864583333315,0.0011393229166666808,0
11024.59300178969,0.02194010416666669,0.10490885416666666,0.0001041666666666909,0
10420.706167159655,0.14249348958333333,0.05610026041666663,0.00100911458333333,0
7718.887844617676,-0.06076171874999998,-0.036621093750000035,0.0005794270833333302,0
7394.597629311077,-0.05557942708333335,-0.061230468750000024,-0.0030403645833333246,0
15497.272155932576,-0.03522786458333333,0.037845052083333254,0.032063802083333315,0
3180.6212568276305,0.07308593750000002,-0.028606770833333184,-0.00016927083333331114,0
6673.279134867183,0.001445312500000012,0.007304687500000024,-0.0005859375000000059,0
15641.865472797143,0.026002604166666665,-0.00036458333333337997,-0.003307291666666672,0
24786.75730904118,-0.14881510416666666,0.023580729166666693,0.0002994791666666631,0
1131.7178006225163,0.05400390625000001,0.00018880208333330224,0.0004101562500000345,0
13863.129930078132,-0.10279947916666667,0.05026041666666668,-0.03407552083333332,0
5652.461677926976,0.0038151041666666823,-0.00115885416666668,-0.00760416666666667,0
3834.665059059611,-0.039016927083333354,0.0015690104166666584,-0.0008007812499999966,0
19878.97942120209,-0.026223958333333332,-0.0002994791666666327,0.002083333333333334,0
10822.216939124894,-0.009127604166666666,-0.02368489583333336,-0.0004947916666666592,0
11381.956733171211,0.13458984375,0.05882161458333338,0.033001302083333295,1
9892.845810770503,0.10287760416666666,-0.002252604166666713,0.013684895833333337,1
8770.21132350922,0.17186197916666668,-0.10704427083333329,-0.021653645833333318,1
7192.2337104420585,0.12317057291666672,-0.04611328125000007,-0.009303385416666712,1
9942.820191920602,0.057532552083333285,-0.03504557291666656,-0.0050325520833333255,1
6425.637841024401,0.007285156250000015,-0.042207031250000034,-0.00809244791666665,1
6796.735300903153,0.028736979166666607,0.02705729166666672,0.006302083333333359,1
14191.584666636785,-0.01080078124999995,-0.03921223958333334,-0.008821614583333338,1
13160.849247822915,0.2587760416666666,-0.04322916666666676,-0.02118489583333336,1
13850.692340824342,0.2134700520833334,-0.056516927083333356,-0.006243489583333331,1
12067.812562621904,0.11692708333333336,-0.08631510416666668,0.00499999999999999,1
6205.089973086508,-0.03593098958333332,0.031243489583333357,-0.03620442708333331,1
8302.692362839383,0.039850260416666596,0.04444661458333334,-0.004147135416666689,1
9889.726161132645,0.016966145833333328,-0.041458333333333326,-0.008489583333333358,1
4928.626579540848,0.018385416666666664,-0.02397135416666664,0.007786458333333304,1
9484.684771820028,0.20274088541666666,0.08926432291666664,0.0028450520833333314,1
10103.03624917535,0.11483072916666671,0.0867057291666666,-0.019114583333333324,1
8732.285578100587,0.01109375,0.10013020833333332,-0.008854166666666649,1
9455.467033674073,0.02649088541666666,0.022246093750000043,0.0008919270833333337,1
12185.566693926963,0.10414713541666669,-0.07600911458333331,0.01613932291666668,1
11960.855147236765,0.28417317708333334,-0.0023242187499999734,0.0023111979166666624,1
4073.0812936940097,0.12495442708333329,0.04143880208333322,-0.0023632812500000125,1
7027.547960203554,0.13132812500000002,0.06666666666666667,0.006523437499999996,1
6849.345118475852,0.14513020833333334,0.07602864583333342,-0.004687500000000011,1
6187.752766242814,0.21235677083333335,0.034179687499999965,-0.0027343750000000276,1
8742.597697976178,0.11178385416666671,0.06371093749999994,0.003372395833333351,1
3973.714053621251,0.03023437500000003,0.0159635416666666,0.029075520833333365,1
5382.37324104305,0.04460286458333327,0.0673893229166667,0.009980468750000018,1
4771.925331542292,0.07161458333333329,0.028111979166666655,0.0007682291666667,1
19868.654656002433,0.08951171875000001,0.023339843749999978,-0.005136718749999994,1
8400.734165295244,0.22290364583333333,0.0021354166666667828,-0.0008333333333333463,1
3929.842944525148,0.07240885416666665,-0.058580729166666665,-0.009479166666666643,1
6655.983582118354,0.22577473958333333,-0.03738932291666667,0.004238281249999965,1
6123.6276834919845,0.11608723958333328,0.04918619791666665,0.02207682291666668,1
10698.567241078019,0.1887109375000001,0.030611979166666695,0.0007552083333333485,1
11452.101765190593,0.05804036458333336,0.06899088541666674,-0.004667968750000006,1
13172.829975485867,0.21514973958333333,0.07498046875000007,0.01494140625000001,1
9188.632629885822,0.10668619791666674,-0.1751106770833333,-0.007141927083333326,1
8215.050775062393,0.15408854166666666,-0.02315104166666664,0.030026041666666642,1
6153.749693999568,0.103125,-0.009726562500000025,0.012044270833333343,1
8138.433214199323,0.18338541666666672,-0.028697916666666677,-0.008789062499999984,1
5418.947192978924,-0.05954427083333337,-0.11322916666666669,0.01102864583333335,1
6245.758626779517,0.09472656250000003,-0.1280729166666667,0.059205729166666665,1
6406.00504366858,0.010735677083333336,0.11229817708333334,0.006477864583333318,1
5242.552908460831,0.058450520833333366,-0.051575520833333395,-0.009427083333333312,1
14463.196878031375,-0.026829427083333347,0.017519531250000022,0.0061393229166666514,1
5625.302988598464,0.12434895833333329,0.018710937499999934,0.009427083333333355,1
4576.763872748312,-0.018307291666666666,-0.02031250000000001,0.003502604166666665,1
9414.434771044247,0.2166015625,-0.032942708333333286,-0.0030338541666666587,1
9258.286622544862,-0.09916666666666667,-0.04953125000000004,-1.3020833333376633e-05,1
8288.333213389718,0.10746744791666667,0.06824869791666667,-0.0020898437500000157,1
8195.557776636719,0.22633463541666662,-0.03695963541666674,-0.0005924479166666596,1
13858.455388844433,0.007936197916666717,-0.07317057291666658,0.0032617187499999908,1
4559.6892255753855,0.08324869791666666,0.031126302083333363,-0.02722005208333334,1
5598.7773179876995,0.06806640625000003,0.03271484375000002,0.0009960937500000154,1
17121.440184173585,0.008059895833333284,-0.055403645833333286,0.002864583333333359,1
3407.028247393121,0.0010677083333333406,0.025,0.0076041666666666575,1
2239.4325646347047,-0.03402343749999999,0.02688802083333331,0.06402343750000003,1
2249.7655443223325,-0.010774739583333342,0.1262565104166666,-0.021126302083333354,1
2847.9589418496034,-0.005703125000000021,0.08389322916666667,-0.055677083333333335,1
16106.39452601302,0.03429687500000003,0.013749999999999945,0.0001171875000000198,0
33046.797346183106,-0.0210546875,-0.07832031249999996,0.018242187499999986,0
14296.053968784548,-0.047558593750000024,-0.05198567708333331,-0.001113281249999996,0
12861.67014029677,0.0036067708333333334,-0.011966145833333344,0.003385416666666674,0
12207.208626299374,0.03533854166666668,0.11386718750000008,-0.00014322916666669258,0
30010.759648001957,0.0854296875,-0.0329947916666666,0.008802083333333342,0
14531.894358017988,0.07884114583333336,-0.18583333333333338,0.00045572916666670777,0
16145.125560878121,0.005149739583333333,0.008157552083333347,0.0028710937500000156,0
17631.906992846645,0.028053385416666667,-0.033743489583333314,0.009954427083333349,0
18539.000788004392,0.0008854166666666666,-0.0008072916666666606,-3.906250000001225e-05,0
8380.752549878907,-0.031425781249999986,-0.015761718749999966,-0.005071614583333355,0
9557.38818601477,0.03744140625,-0.00395182291666665,-0.002558593750000013,0
6501.450027992081,0.06569010416666664,0.020234375000000016,-0.009440104166666664,0
15449.708757079405,0.0011458333333333453,0.0015885416666666342,-0.0007031249999999961,0
11313.710945705672,0.017044270833333344,0.006927083333333319,0.004947916666666703,0
6786.244323979657,-0.04457682291666672,-0.006894531249999984,-0.0008919270833333412,0
7158.474165608557,0.11313802083333335,0.01675781249999999,-0.004335937500000017,0
17518.868617510314,0.03571614583333336,-0.014218750000000056,3.9062500000023846e-05,0
5622.261047498535,-0.06508463541666666,0.029042968749999936,0.00164713541666664,0
27092.50590295139,-0.0041796875,0.013216145833333338,-0.002265625000000018,0
3766.884543037882,0.008834635416666667,0.003470052083333349,0.000631510416666669,0
18185.521687796663,0.00333984375,0.006699218750000024,-0.0003710937499999907,0
10099.104603889298,-0.03861979166666667,-0.007656249999999972,-0.0009895833333333208,0
11234.186908158197,-0.04205729166666671,-0.012604166666666684,-0.0028515624999999956,0
4684.883474930659,-0.12915364583333333,0.00440104166666665,0.0012239583333333247,0
11651.687470803794,-0.14538411458333328,0.02097005208333328,-0.0022200520833333126,0
12687.161434936528,0.07283854166666669,0.18757812500000004,-0.0013020833333333476,0
25351.74820963542,0.025377604166666668,0.05863281250000001,0.006536458333333286,0
20377.123038950227,-0.03163411458333333,0.00774088541666668,0.0007356770833333421,0
14803.596780053716,0.07549479166666662,-0.04709635416666673,-0.018216145833333315,0
23757.955493827147,-0.006197916666666689,-0.013476562500000002,-0.0018229166666666663,0
10803.326368192505,-0.04755859375,0.0033658854166666243,0.007858072916666662,0
17025.793794296227,-0.28490234375,-0.10108723958333331,0.02201171874999999,0
3730.7162481764067,0.06397135416666666,0.004752604166666663,-0.017265625000000014,0
19563.48890026704,-0.06752604166666676,0.046445312500000016,-0.007604166666666683,0
6266.16392690006,-0.0019010416666666668,0.0009635416666667091,0.0011848958333333312,0
25485.02713763933,0.22720703125,-0.013040364583333238,0.04020182291666668,0
19332.892423253343,0.07219401041666665,-0.018782552083333202,-0.0033528645833333496,0
10517.27824268388,0.010397135416666667,0.003912760416666688,-0.02087890625000001,0
14585.47288880713,0.04970703125000005,0.001595052083333397,-0.0014908854166666694,0
16246.693603447813,0.009999999999999976,0.05799479166666662,-0.0028124999999999925,0
38527.40407036841,-0.17194661458333332,0.0018164062500000348,-0.002337239583333358,0
29010.84524933523,-0.0289453125,0.059713541666666606,-0.00020833333333331492,0
8181.707624914382,0.037812499999999985,-0.03106770833333331,-0.026289062499999984,0
29682.925166096335,0.3899869791666667,0.11053385416666671,-0.0003645833333333068,0
9239.259723170982,-0.08783854166666667,0.032513020833333364,-0.0023828125000000385,0
21710.767164501576,-0.01775390625,-0.009889322916666641,0.0005403645833333672,0
30143.344819157883,-0.003951822916666667,0.00236328125000007,0.001282552083333308,0
39565.28140041353,0.030143229166666667,-0.002174479166666593,-0.00032552083333334893,0
20196.719231383908,0.03392578125000001,-0.09896484374999982,-0.004589843750000008,0
26738.818078688524,0.32255859374999996,0.11262369791666667,-0.0025325520833332886,0
23326.913863606103,0.009921875000000024,-0.09625000000000003,0.005677083333333346,0
12296.318159417728,-0.015455729166666666,0.0393619791666667,0.00505208333333335,0
16411.742226804567,-0.30607421874999996,0.0022200520833333304,0.00266276041666668,0
14723.851235513646,0.08545572916666669,-0.03945312499999997,0.0035807291666666986,0
2349.534862259759,0.026640625,-0.0032812500000000038,-0.010325520833333343,0
10639.76269544979,-0.0005533854166666549,0.0007486979166666634,-0.0003841145833333282,0
9556.512977731663,-0.0033463541666666667,0.0012109375000000024,-0.0035677083333333372,0
22730.60079090369,0.028352864583333335,-0.041399739583333275,-0.0015820312499999962,0
13514.803176126738,-0.01513671875,0.009628906249999979,0.0031966145833333412,0
9420.753354068333,0.09024739583333333,0.10490885416666673,0.002291666666666646,1
8768.931508702557,0.10945963541666667,0.07682942708333328,-0.0017903645833333274,1
17830.115009628258,-0.05672526041666665,0.02492838541666676,0.0014518229166666596,1
11550.204461008669,0.16275390625,0.07972005208333334,-0.008027343750000044,1
9467.093875048151,0.012617187500000012,0.15138020833333332,0.0010546875000000248,1
9897.120030457181,-0.09608723958333333,0.004394531249999958,0.001334635416666643,1
8445.854846495526,0.08307942708333332,0.01607421874999997,-0.0008789062499999958,1
4322.764930804954,-0.08433593749999999,-0.05412760416666671,-0.0028776041666666668,1
8114.454802560767,-0.08614583333333337,0.055624999999999966,0.01208333333333332,1
7080.232289867786,-0.05102213541666665,0.017376302083333336,0.002102864583333309,1
5285.0866347401525,0.16651692708333338,-0.09981119791666683,0.010592447916666652,1
16882.82707495779,-0.0251171875,0.017109375000000027,0.0019531249999999842,1
3442.4887808888343,0.035852864583333366,0.001686197916666714,0.0014908854166666213,1
2535.187168117778,0.018372395833333294,0.009062500000000076,0.005989583333333276,1
16152.063622384987,0.04438802083333334,-0.04727864583333337,-0.0016406250000000318,1
17535.5091617018,0.07407552083333334,-0.04805989583333341,0.003802083333333358,1
6308.859320877925,-0.04345052083333333,-0.0029947916666667198,-0.00010416666666667258,1
6042.548603460696,-0.019114583333333317,0.00018229166666671533,0.0032031249999999903,1
8082.62729030656,0.025110677083333373,-0.01080078124999998,-0.0030273437499999654,1
6692.485735666235,0.053385416666666664,0.11598958333333328,-0.00028645833333333133,1
5579.270784232417,0.08207031249999994,-0.004388020833333264,-0.00048177083333331226,1
7932.495823233882,-0.20014322916666666,-0.07231770833333336,-0.0007812499999999522,1
3202.2451560115824,-0.06300130208333338,0.040240885416666705,0.003131510416666679,1
9895.174557318627,-0.015234375000000012,0.021393229166666694,0.0009895833333333193,1
8031.294334077584,0.01455078124999997,-0.02632161458333336,-0.0015559895833333393,1
7301.93973441972,-0.08557942708333334,0.08961588541666678,-0.0020507812499999506,1
14493.946225502485,0.16642578125,-0.08241536458333332,0.0012825520833333174,1
16399.67456815385,0.10322265625,-0.001503906250000027,0.001647135416666666,1
18740.124559012696,0.09749999999999998,-0.02739583333333331,-0.004257812499999993,1
18415.969604746464,0.013795572916666667,-0.010944010416666598,-0.0041992187500000284,1
2882.775922436143,0.13251953125,-0.031985677083333414,-0.0054492187499999645,1
10027.738585988323,-0.03179036458333335,-0.056816406250000034,4.557291666662725e-05,1
4434.118227498204,0.4369140625,-0.07832031250000003,-0.0021744791666666575,1
7865.042443847488,-0.029335937500000048,0.0024869791666667193,0.004335937499999982,1
5668.082163574178,-0.16235026041666667,-0.06370442708333328,0.002389322916666689,1
6565.542674031408,0.002083333333333348,0.07156249999999993,0.003216145833333317,1
9310.36131696231,-0.06945963541666669,-0.06294921875000006,-0.012050781250000005,1
6505.085868278972,0.061386718749999965,0.000305989583333387,0.013639322916666646,1
4992.122770418127,-0.0007682291666666404,0.008736979166666723,0.012408854166666651,1
6563.82074427181,-0.1642903645833333,0.02749348958333334,-0.027727864583333334,1
6332.109780072999,0.23983723958333333,-0.0056184895833334214,0.0076367187499999855,1
9144.029097191325,-0.009069010416666643,-0.005279947916666628,0.0007096354166666732,1
5327.35364782698,0.15210937500000005,0.008841145833333381,0.0030468750000000257,1
2055.4619573496084,-0.032545572916666696,0.013378906249999977,-0.003522135416666708,1
13122.626246934007,-0.17772135416666668,-0.005963541666666605,-0.0016536458333333175,1
12796.897298929685,-0.05559895833333333,0.00024739583333324526,-0.005833333333333333,1
11657.648275841231,-0.02939453124999997,-0.05744140625000002,-0.004667968750000018,1
17136.90646639299,-0.16245442708333332,-0.01154296874999991,0.0003841145833333277,1
9209.439887949628,0.01634114583333336,0.0176432291666667,0.003229166666666691,1
9383.70119290971,0.03775390625,-0.005813802083333332,-0.001555989583333329,1
11275.615284321044,0.07461588541666662,-0.005136718749999963,-0.011569010416666671,1
10385.909459267132,0.20078776041666666,-0.01110026041666669,-0.0017122395833333618,1
6341.524561762452,0.029902343750000095,0.04876953124999997,-0.0002669270833333468,1
9030.864407409626,-0.04525390624999997,-0.006842447916666671,0.0011783854166666516,1
5874.033707229574,0.0024804687500000156,0.05262369791666665,-0.002858072916666636,1
13167.832434233564,-0.030787760416666667,0.03427734374999998,-0.00034505208333333816,1
12356.593034974801,-0.06548828125000004,0.0064388020833333615,-0.009459635416666657,1
16868.377727645835,-0.008704427083333332,0.02727213541666664,0.0072851562499999835,1
3241.015086450832,-0.041751302083333386,0.05017578124999999,0.005410156250000003,1
2204.6699600585944,0.043671874999999964,-0.0974869791666667,0.022721354166666687,1
30350.499555155406,0.01819661458333331,-0.021907552083333396,-0.0012044270833333497,0
18128.087946858563,-0.0040625,0.0014453125000000028,-0.00018229166666666795,0
30276.989743597922,0.007994791666666667,-0.007174479166666593,-0.0005208333333333045,0
14666.899848513754,0.0023763020833333453,-0.0027799479166666554,-0.00210286458333332,0
5995.86765606482,0.07826171874999999,-0.015501302083333357,0.0019726562499999935,0
24886.160164643992,0.14309244791666667,0.19414713541666673,0.0007356770833333246,0
20008.064154023872,0.14703776041666672,0.0846940104166667,0.00011067708333330563,0
15238.782931686363,-0.0025455729166666903,0.0012304687500000722,0.0015169270833333413,0
7093.0231978020565,-0.018190104166666714,-0.0025130208333332617,0.00010416666666667777,0
3870.157551927313,0.05964192708333333,-0.034459635416666634,0.04068359375,0
19144.125632405437,-0.046158854166666666,-0.032708333333333374,-0.0051822916666666805,0
10062.36210576846,0.07875651041666666,0.0027799479166667035,-0.0017643229166666612,0
14745.371975217015,0.10669270833333329,0.027044270833333328,0.0003515624999999861,0
35284.61448449772,-0.029186197916666667,0.001529947916666632,4.5572916666678094e-05,0
47261.342115169115,-0.0022656249999999972,0.005781250000000068,-0.0012369791666666933,0
39608.362481119635,0.0030989583333333333,0.0013671874999999993,-0.00044270833333333694,0
15930.727872675205,0.28580078125,0.23546223958333334,-0.0003320312500000088,0
10798.356259341772,0.03459635416666669,-0.019622395833333323,0.0008854166666666828,0
20340.147499636805,0.005462239583333334,0.025149739583333417,-0.00039713541666668787,0
11098.485504684411,-0.03612630208333336,0.035319010416666706,0.0032877604166666914,0
20285.23803165623,-0.006861979166666666,0.003723958333333301,0.0008723958333333237,0
17593.928012100183,0.00011067708333335702,-0.03741536458333332,0.0005924479166666859,0
25666.29859975684,-0.01240234375,0.00014973958333329578,1.9531249999979936e-05,0
23218.48028646847,-0.00072265625,0.00974609375000004,-0.0016861979166666629,0
16945.532742566902,0.011191406249999994,-0.0027408854166666163,-0.002285156249999995,0
5530.07337023074,-0.015058593750000012,0.017649739583333355,-0.010709635416666663,0
21468.882907063766,-0.004602864583333333,0.00030598958333334474,0.0004492187500000076,0
21850.591387705448,0.02874348958333325,-0.0553450520833334,0.002207031249999983,0
26081.87582527602,0.003932291666666524,0.07677083333333329,-0.0003385416666666294,0
30108.18244768267,-0.018209635416666668,-0.010423177083333323,-0.0007356770833333193,0
12898.929056311676,-0.017949218750000023,-0.032311197916666715,0.00035807291666668215,0
16937.919385383444,0.17855468749999995,-0.11175781250000005,2.6041666666679343e-05,0
10872.316424847035,0.005852864583333362,-0.02819661458333331,-0.0026757812500000223,0
4283.299585622153,-0.09083333333333334,-0.010963541666666661,-0.0061458333333333426,0
22713.118111287276,-0.1344140625,-0.1039453125,0.004544270833333328,0
16496.73446804806,-0.006022135416666667,0.0886783854166667,0.0010221354166665981,0
29581.459349755187,0.03296874999999995,0.04828124999999995,0.0016145833333333693,0
10144.25356073948,-0.007473958333333333,0.000533854166666704,0.00019531250000000578,0
3228.4988333977603,-0.009023437499999997,-0.034661458333333374,-0.0039192708333333345,0
21142.837201333965,0.10675781249999995,0.04147135416666668,-0.0008854166666666715,0
24339.429581314733,0.00474609375,-0.037467447916666695,0.01013671874999996,0
18954.801628303365,-0.39407552083333336,0.006835937499999958,-0.00039062499999992434,0
12090.102285215762,-0.0548828125,0.007526041666666637,7.812500000000671e-05,0
15210.025086444604,-0.2162369791666667,-0.012083333333333309,-0.0007812500000000216,0
19501.821103861454,-0.19895182291666666,0.20757161458333337,0.0015429687500000525,0
25501.163711998463,0.036282552083333336,-0.025904947916666737,0.03343098958333337,0
21513.386652001278,-0.004231770833333333,0.006380208333333367,-1.3020833333341522e-05,0
32704.59421440122,-0.00087890625,0.0014518229166667115,-0.0008398437499999928,0
7051.904769962566,0.009934895833333336,0.009752604166666689,0.0036197916666666644,0
11526.947773328617,0.028808593750000007,0.012701822916666649,0.008287760416666663,0
21337.26072510576,0.00582682291666669,-0.0045898437499999915,0.0013736979166666557,0
15491.05616798295,-0.00732421875,0.004876302083333386,0.002675781249999999,0
28807.595122538092,0.12011718749999996,-0.003502604166666646,-0.002044270833333325,0
9581.142578767734,0.020364583333333332,0.00364583333333332,0.003216145833333348,0
1792.605236021424,0.005638020833333323,0.00048177083333333584,0.005533854166666668,0
15566.062050913117,0.07072265624999992,-0.16124348958333334,-0.0022591145833333517,0
3436.366078287762,0.11045572916666671,-0.01626302083333339,-0.00020833333333333427,0
41634.243263014745,-0.01421875,2.604166666663972e-05,-0.00031249999999998255,0
22241.174763826337,-0.004205729166666614,0.02062499999999999,-0.0013281250000000192,0
5506.864870396891,-0.011165364583333325,0.023665364583333296,-0.010449218749999972,0
7561.3802843722915,0.05652343750000001,-0.14010416666666672,0.05860677083333332,1
12582.306735915125,0.2917578125,-0.011471354166666673,-0.012005208333333326,1
12469.307980578573,0.00617838541666672,-0.09900390625000004,-0.004954427083333342,1
11972.653560265057,0.15694661458333334,-0.08402994791666671,0.007441406250000032,1
10614.525515177367,0.059772135416666705,0.048795572916666745,-0.010553385416666634,1
15367.707785708115,-0.06654947916666666,0.0016145833333333379,-0.025572916666666688,1
9054.866251898831,-0.009342447916666689,-0.05981119791666664,0.0015429687499999714,1
13286.83981776221,0.15865234375,0.03865234375000001,0.0020638020833333402,1
9105.214022521592,0.06408203125000002,-0.07714192708333331,0.0011002604166666873,1
10257.53969390039,0.05893229166666668,-0.06933593750000004,-0.00018229166666667925,1
10625.032873840166,0.06989583333333335,-0.23175781250000013,-0.0007031250000000745,1
10518.587258148196,0.014427083333333325,0.011497395833333233,0.005169270833333308,1
19107.155384764952,0.08312499999999998,-0.003906250000000018,-0.0016927083333333325,1
5974.548369136388,0.09386718749999999,0.1493359375000001,0.004986979166666666,1
9582.77369062229,-0.06589843750000002,-0.11819010416666677,-0.006432291666666664,1
9240.957392870421,-0.011458333333333322,-0.0809114583333333,-0.00036458333333333275,1
9046.567999630357,0.04048828125000001,-0.02181640625000001,0.0038346354166666446,1
8097.44296861331,0.038287760416666664,0.014355468749999994,-0.008001302083333335,1
9216.614941678834,0.034628906249999966,0.06833984375000005,-0.0050065104166666435,1
16384.35504882097,0.02574869791666669,-0.07966796875000011,-0.001842447916666672,1
7779.411744374213,0.06982421874999999,0.11249348958333333,0.004225260416666602,1
5131.560775563178,0.1604231770833334,0.059016927083333226,0.00011067708333336687,1
19864.02252328678,0.031106770833333405,-0.0048567708333332495,-0.0010026041666666644,1
8454.357871186958,0.1083789062499999,0.08883463541666671,0.0002278645833333424,1
6721.607819916409,0.014029947916666655,0.08431640625000002,-0.002167968749999962,1
5680.895347523331,0.006249999999999988,0.11678385416666659,0.002643229166666678,1
6755.878139644201,0.05343749999999995,0.06721354166666664,0.002460937500000012,1
5521.339088894147,0.008893229166666648,0.023736979166666672,0.006914062500000006,1
5839.491396416561,0.043372395833333306,-0.08734375000000014,-0.00016927083333335828,1
5442.1831762793245,0.02988932291666669,-0.05917317708333327,0.0011263020833333606,1
5135.22310748287,-0.07869140625000001,-0.10034505208333332,0.0012565104166666278,1
8160.562267090481,0.036412760416666655,0.07710286458333339,-0.0004231770833333188,1
10013.804762343305,-0.026894531250000006,-0.005553385416666584,-0.0013606770833333541,1
22600.655131718915,0.025175781249999987,0.03029296874999999,-0.0017643229166666755,1
8756.629488387684,0.14561848958333337,-0.0817252604166667,0.0009830729166666677,1
8115.030044227432,-0.163828125,-0.15880208333333343,0.006666666666666672,1
7677.79870034074,-0.2063606770833333,-0.023092447916666616,0.0010481770833333144,1
7067.739555167476,-0.014479166666666595,-0.016953125000000038,0.0008463541666666568,1
22821.236014614497,0.048404947916666635,-0.02277994791666663,0.000253906249999973,1
8812.666279996069,0.01829427083333338,0.007838541666666693,-0.0026171874999999967,1
14264.733255853911,0.031217447916666665,-0.1927018229166668,0.0007486979166666603,1
20389.48307516209,0.032786458333333324,-0.0030468750000000122,-0.0007291666666666788,1
12640.175137824845,-0.0012109375000000473,0.1023046875,0.005260416666666685,1
7655.946691121251,-0.16720052083333334,0.02673177083333332,0.009179687499999967,1
8352.095267333309,0.07630208333333326,0.07401041666666666,-0.004192708333333308,1
6968.108980355793,-0.07003255208333328,-0.03322265625000004,-0.0014778645833333644,1
7704.3267212565115,-0.12658854166666664,0.04868489583333329,0.0021744791666666705,1
8570.942397179118,0.08585286458333333,-0.0011783854166667505,-0.0006054687500000035,1
8860.104209502795,0.06870442708333334,0.025800781250000092,-0.00029296874999999614,1
17035.546310684163,0.0778841145833334,-0.10061848958333339,0.0011132812499999951,1
7065.706736468464,0.01150390625,0.05409505208333333,-0.001972656249999981,1
8153.85082096825,-0.03331380208333326,-0.03168619791666665,-0.0025065104166666513,1
8394.549356694497,0.09797526041666672,-0.04214192708333334,0.0010221354166666573,1
8272.790347896154,0.08459635416666667,-0.01398437500000008,-0.006692708333333321,1
9498.616336262981,-0.1391341145833333,-0.010175781249999944,0.0010742187499999927,1
11007.00627334896,-0.09798828125,0.016881510416666662,-1.9531249999993617e-05,1
15885.234475554367,0.29302734375000006,-0.04370442708333331,0.000996093749999999,1
8920.625322770014,0.08597656250000002,-0.023658854166666694,0.006367187499999997,1
4896.1601092773035,0.001230468750000034,0.09498046875000002,0.0061132812500000215,1
6473.945450518123,0.16625000000000004,0.014856770833333357,-0.0008723958333333359,1
25721.5579779987,0.06716145833333334,0.006783854166666716,-0.0031770833333333525,0
5130.2513986979175,0.0014062500000000119,-0.0014713541666666605,0.0005859374999999931,0
11494.00074557224,0.04847656249999995,-0.05449218750000006,-0.002578125000000003,0
5973.120483050496,0.03136067708333335,-0.01975911458333337,0.0002669270833333387,0
9926.325189500432,0.05930989583333335,0.02654947916666661,0.01417968750000002,0
26902.775138073568,-0.0007031250000000001,0.0045703124999999485,7.812499999997645e-05,0
15203.35069912275,-0.005592447916666667,0.00042317708333336024,0.0010351562499999886,0
8776.125941101034,-0.14975911458333332,-0.03198567708333338,0.004563802083333338,0
16808.528392572025,0.01295572916666669,0.004140624999999954,0.002591145833333322,0
21252.87312561697,0.03891927083333333,0.013958333333333319,-0.0037760416666666637,0
22169.013515089886,0.003352864583333339,0.006972656249999999,0.00041015625000001397,0
10072.977551220325,-0.046074218749999986,-0.04516276041666671,0.0002799479166666723,0
16667.80066274957,-0.11592447916666666,0.012473958333333363,-0.0024348958333333393,0
24425.951866909294,-0.0024739583333333332,0.0016145833333333609,-0.0008723958333333281,0
34595.28665000391,-0.041601562499999974,0.0024088541666666225,1.3020833333336478e-05,0
18491.052790266935,-0.0017968750000000237,-5.208333333338808e-05,-0.00015624999999999485,0
30686.43767365452,-0.05071614583333333,0.028697916666666667,-0.0001432291666666687,0
23444.730965614155,0.031171875,0.012721354166666666,-0.0016796875000000134,0
22279.74580895484,0.00216796875,-0.2905403645833334,-0.0004492187500000049,0
15317.355798301696,-0.010729166666666666,0.15029947916666664,-0.0004947916666667024,0
23936.136440863043,0.018554687499999976,-0.05113281250000007,0.0023437500000000008,0
20992.287908674076,0.040136718749999974,-0.12758463541666668,0.0027408854166666567,0
27163.493008646612,-0.00228515625,0.02042317708333332,0.0017643229166666864,0
27928.03699347429,0.0071419270833333335,-0.001113281249999986,0.0009179687500000078,0
13824.984511766903,0.01453125,0.008841145833333345,-0.004283854166666684,0
22785.033552440014,0.003587239583333334,0.002037760416666709,0.0001627604166666691,0
16911.004365051107,-0.008164062500000058,-0.15980468750000015,-0.0001692708333333147,0
2304.1919729531182,-0.05035156250000002,-0.04902343749999998,-0.0007421875000000142,0
21074.66997823063,-0.00011718750000002366,0.0022395833333333465,-0.001380208333333321,0
16901.450766102433,0.009440104166666666,-0.0009244791666666441,-0.00039062499999999845,0
9936.932922620606,-0.01987630208333331,0.015709635416666687,-0.00035807291666667694,0
21970.164859585915,0.0020963541666666904,0.003867187499999956,0.0005208333333333428,0
11612.578069593263,0.0026236979166666787,0.01460286458333333,-0.0017122395833333362,0
19886.782181941744,-0.23165364583333334,-0.21053385416666667,0.0055729166666666765,0
42903.897198252336,0.020631510416666714,0.0041601562500000995,0.0008268229166666658,0
10952.636712382637,0.17650390625000004,-0.023300781250000065,4.557291666668117e-05,0
16789.936298760313,0.004895833333333334,-5.2083333333343637e-05,0.0002864583333333158,0
15681.179606403097,0.0007942708333333628,-0.00575520833333337,-0.00049479166666667,0
18170.810001177935,0.15203776041666667,-0.10000651041666664,0.00024088541666664873,0
18827.949728287596,-0.013085937499999976,-0.009622395833333422,-0.00022135416666666625,0
8901.471601755102,0.09410156250000003,0.012526041666666694,-3.9062500000004765e-05,0
7291.464363118111,0.008561197916666667,0.007936197916666651,-0.0007096354166666801,0
15881.883518921537,0.005657552083333345,0.003313802083333304,-0.00022786458333332033,0
23175.902254840054,0.16466796875000006,-0.008509114583333371,0.004016927083333359,0
33160.70981540104,0.0026953125,-0.0015885416666666994,0.00013020833333334314,0
31418.646878824708,0.012304687500000024,0.009687500000000026,-0.00046875000000001565,0
23892.824861636702,0.0005859375,0.008346354166666738,-0.0014583333333333226,0
9831.643896539945,0.00154296875,0.0031966145833333412,0.0007226562500000078,0
14308.752611273707,-0.005572916666666668,-0.0038802083333333453,0.0004557291666666566,0
5542.225383782919,-0.0020377604166666426,0.002519531250000046,0.0014257812499999841,0
5152.714346321574,-0.015162760416666664,-0.16716796875000003,-0.00100911458333336,0
24801.151078112754,0.0011263020833333333,0.001321614583333347,0.00031901041666670173,0
17918.086595152752,0.00035807291666666664,0.07103515625000004,-0.0011393229166666544,0
3991.827122850885,0.0519140625,0.011002604166666648,0.00036458333333334896,0
21838.997431835774,-0.09229166666666666,-0.11832031250000005,-0.0003385416666666662,0
19531.40732523495,0.15123046875000004,0.09810546875000002,0.003639322916666678,0
39257.69123534886,-0.0026562500000000475,-2.604166666678509e-05,0.0001041666666666292,0
12970.856436865071,-0.021145833333333332,0.004505208333333204,0.007070312499999975,0
16285.443092456017,0.010253906250000024,0.002246093750000029,0.0013606770833333327,0
14243.126174982668,-0.019993489583333333,0.015813802083333352,0.0025325520833333385,0
16084.579184401455,0.3716276041666667,0.01725260416666672,0.028177083333333332,1
13644.859500152212,0.06319661458333337,-0.14974609375000011,-0.010540364583333323,1
5921.315921830074,0.11885416666666666,-0.010481770833333307,0.00838541666666666,1
18918.690970822485,0.049192708333333335,-0.02041666666666678,-0.027265625000000012,1
3187.5427917310935,0.06923177083333336,-0.04291666666666662,0.031523437500000015,1
3446.2548525592388,-0.06861979166666662,-0.05160156249999996,-0.005963541666666696,1
1895.8021458001035,0.0323828125,0.0023046875000000415,0.010260416666666676,1
2055.3096467535665,-0.018404947916666678,-0.04051432291666658,0.0028971354166667275,1
3176.7291608011888,0.020338541666666668,0.019049479166666612,0.0014192708333333136,1
3240.3531640553374,-0.06356119791666669,0.023404947916666675,-0.0016080729166666665,1
12626.702318846981,0.09317708333333334,0.14356770833333332,0.0008854166666666899,1
12295.078556858956,0.1207226562500001,0.1574674479166667,-0.001673177083333311,1
12282.522807464604,0.0315494791666667,0.018658854166666725,-0.0021614583333333533,1
8451.876675662192,-0.035735677083333355,0.0031575520833333113,-0.000501302083333323,1
7971.227831408652,-0.06910807291666664,-0.002311197916666633,0.0003841145833333508,1
6641.493288817682,0.04533854166666669,0.022903645833333337,1.3020833333365437e-05,1
18143.43373043553,0.03703125,-0.07885416666666663,0.002552083333333318,1
8440.744688199193,0.18895833333333334,0.08558593750000008,0.008372395833333338,1
3304.0221440934515,-0.12988932291666666,-0.0196809895833333,0.0031705729166666896,1
2660.0584992349845,0.024433593749999993,-0.005253906250000047,-0.0009049479166666489,1
14665.012375192602,0.19483072916666666,0.01511718750000005,0.003645833333333337,1
14795.921045559186,-0.04330729166666664,-0.028164062499999972,0.0019010416666666915,1
16545.883033159727,0.14010416666666667,-0.001250000000000063,0.0019791666666666417,1
11174.874565934078,0.052682291666666686,0.065078125,0.0013932291666666672,1
10974.4949198608,0.06677734374999998,-0.0458268229166667,0.0005143229166666601,1
7503.9601511825595,0.11809895833333338,0.024361979166666662,-0.0006770833333333486,1
5336.774568748477,-0.11734374999999998,-0.018372395833333364,-0.005000000000000012,1
5277.919380533178,0.2080338541666667,-0.02925781249999997,-0.0017968749999999981,1
4966.468270830622,-0.12334635416666664,0.012369791666666675,0.002434895833333343,1
5044.649548827449,-0.07585937499999995,0.017135416666666622,0.0020052083333333545,1
7105.522602218588,-0.18080078125000001,0.10460286458333333,-5.8593749999971226e-05,1
10241.0084441789,0.11413411458333333,-0.04050130208333335,-0.0021028645833333177,1
8940.65258125301,-0.023730468749999994,-0.0138606770833334,0.0035481770833333363,1
13293.476445554566,0.11070963541666666,0.016764322916666644,-0.001985677083333354,1
11033.534746907384,0.31800781250000004,-0.012526041666666618,-0.00190104166666667,1
18368.12612576697,0.055397135416666715,0.07102213541666667,-0.0006575520833333444,1
10165.144876302087,0.04587239583333338,-0.02433593749999994,0.002395833333333334,1
4787.599312235346,-0.04696614583333336,-0.03282552083333338,-0.0021484374999999776,1
9545.529293935098,-0.11396484375,0.07849609375000001,-0.003470052083333314,1
2907.7744878631174,-0.01926432291666667,0.062467447916666634,-0.000839843749999972,1
6305.389402363038,-0.09879557291666664,0.03659505208333341,-0.004225260416666657,1
4594.85806863467,0.023821614583333376,0.10527994791666671,-0.0055924479166666805,1
4117.148188781571,0.030338541666666673,0.08934895833333334,0.0016796875000000193,1
9177.337385602783,-0.12642578125,0.02104817708333328,0.0009700520833333224,1
8464.289341275364,-0.19151041666666668,-0.011223958333333452,-0.0059114583333333215,1
9118.624507649065,-0.02832031249999999,0.0803515625,0.0008854166666666744,1
7673.78271354099,0.03033854166666666,-0.05864583333333335,-0.003854166666666671,1
7929.104598252871,-0.20184895833333338,0.07494791666666664,0.004674479166666661,1
8397.678591714437,-0.11667317708333329,-0.08478515625,-0.0008919270833333474,1
4965.3182554009345,-0.1209765625,0.08079427083333336,0.0036718749999999985,1
9477.863179253472,0.07915364583333329,0.014023437500000015,0.001458333333333361,1
13989.936004393858,-0.03412760416666673,0.050000000000000086,0.004283854166666661,1
14116.658626250162,-0.07152994791666661,-0.06841796875000003,0.0019075520833333262,1
12859.192067496368,-0.00623046875,-0.04139973958333334,-0.0020507812500000135,1
13655.648368977827,0.055540364583333335,-0.027975260416666727,0.002102864583333325,1
15670.891466182076,-0.000657552083333333,-0.014876302083333381,-0.005579427083333336,1
8786.711505726455,0.015664062500000017,0.020442708333333327,-0.00022135416666668148,1
3822.0250799811056,-0.07563151041666669,0.0624674479166668,0.0037044270833333517,1
13705.332189447663,0.07901692708333333,-0.015540364583333272,-0.0013736979166666821,1
11336.540379163956,0.00919270833333338,-0.016809895833333355,0.0024088541666666373,1
2197.852471483697,0.03197916666666666,0.0013281249999999884,0.0021093749999999984,0
28906.61228072066,-0.13301432291666668,0.007233072916666733,-0.001464843750000002,0
15252.759747166574,-0.06451171875,0.26227213541666666,0.0014127604166666707,0
1728.3001190164778,-0.010384114583333354,0.016230468749999963,-4.557291666666477e-05,0
9618.522286745707,-0.0819791666666667,-0.05391927083333341,-0.001276041666666653,0
5817.832037458253,-0.07082682291666663,0.019199218750000024,-0.0003059895833333509,0
21399.691017506928,0.009127604166666643,0.01532552083333333,-0.0006770833333333617,0
20443.078840957605,-0.01044921875,-0.005345052083333322,-0.004238281250000014,0
31353.432074207907,0.052708333333333336,0.2106901041666667,-0.0002734375000000019,0
15752.04810551691,0.013515625,0.01704427083333337,-0.001054687500000008,0
19472.472552407333,0.0175,0.0013020833333333948,-0.0016796874999999874,0
20292.524924150937,-0.0641796875,-0.07908854166666672,0.0006640624999999758,0
15629.948960272728,-0.07053385416666662,-0.030182291666666757,-0.0008333333333333224,0
6239.865661132136,-0.19498697916666666,-0.002447916666666662,-0.00029947916666667234,0
14748.968232638514,0.013404947916666642,0.002871093749999957,-0.002792968749999992,0
16509.00460544688,0.00875,0.006796874999999947,-0.0013151041666666426,0
15753.897084233562,0.030800781250000034,0.004121093749999946,0.0018815104166666596,0
18432.95396032969,-0.005859375,-0.0015755208333333372,-0.0004947916666666654,0
11255.204117837484,0.00724609375,-0.0076236979166666875,0.0018945312500000036,0
26683.727419675666,0.06724609375000003,-0.02916015625000006,-0.0005664062499999762,0
9259.701875938883,0.002246093749999994,0.002298177083333332,0.0001627604166666635,0
6094.276288705404,0.00181640625,0.08287109375,0.0008528645833333434,0
20862.46274035302,0.0022591145833333807,-6.510416666617539e-06,-0.0003710937500000161,0
8457.78571032711,-0.05982421875,-0.0532096354166667,-0.0004492187500000139,0
13814.873856824708,0.008209635416666666,0.0003841145833333202,0.0003841145833333279,0
6553.472208641902,-0.0017578124999999996,0.001966145833333336,-0.000572916666666666,0
7761.230028317602,0.0005989583333333452,0.03444010416666678,-1.3020833333310249e-05,0
35093.293669712286,0.004029947916666643,-0.07003255208333332,0.003170572916666625,0
16095.965803070072,-0.001588541666666714,0.005729166666666661,-0.0022656250000000007,0
15838.267277827797,-0.17029947916666657,0.10440104166666671,0.005416666666666677,0
16898.95820717706,-0.0012890624999999981,-0.0045572916666666834,0.001653645833333327,0
27392.69628339942,0.00736328125,-0.02350911458333332,-0.0006966145833333454,0
15158.22379669084,-0.027819010416666644,0.017141927083333255,-0.00016276041666667663,0
5001.571204015945,-0.004622395833333306,-0.0006250000000000382,-0.004661458333333292,0
27212.957963032663,0.006061197916666667,0.001516927083333335,-0.0006315104166666736,0
22911.16373518843,-0.17595703125,0.019042968750000038,-0.00037109375000001583,0
19623.12457498915,0.0019010416666666668,0.026106770833333338,-0.0012109375000000032,0
22126.414169881144,-0.004264322916666643,-0.0014257812500000245,0.0005013020833333319,0
16182.681042437069,-0.01001302083333338,-0.007109375000000026,-6.510416666664913e-05,0
21883.74701778459,-0.12482421875,0.0011263020833333014,0.0012434895833333414,0
5035.558981808092,-0.015852864583333334,-0.02908203125000006,-0.0023111979166666424,0
7126.174653030354,-0.0018945312500000381,0.013782552083333292,0.0007096354166666953,0
4052.910057065795,0.0018945312500000119,0.005592447916666674,-0.0010872395833333257,0
11430.732549803166,-0.0036067708333333334,0.013776041666666657,-2.604166666667333e-05,0
19704.94373066797,-0.0003385416666666667,0.012187500000000039,0.0011328124999999986,0
17574.890650347228,0.026575520833333335,0.06621093749999997,0.002265624999999989,0
25511.464380028247,-0.008561197916666643,0.007454427083333274,0.00035807291666666073,0
20500.980141577154,-0.0102734375,0.004947916666666699,-0.0009765625000000115,0
11144.559571016272,0.005651041666666668,0.0066666666666666844,-0.003789062499999987,0
4360.646349732083,-0.010996093750000003,9.765625000000934e-05,0.004537760416666665,0
22065.255602288824,0.009205729166666649,-0.02015625000000001,0.0016015625000000107,0
8534.501403909262,-0.0010611979166666784,0.0015039062500000048,-0.0001627604166666643,0
22462.706632318757,-0.03718098958333336,0.19266276041666663,-0.0006966145833333716,0
15514.473388930894,0.006022135416666678,0.0034309895833333024,-0.0003450520833333402,0
15130.32662884823,-0.01599609375,-0.09952473958333331,0.000957031249999973,0
18793.476727381014,-0.06328776041666666,0.0595768229166667,0.0014518229166667139,0
6635.434640073608,0.007089843750000012,0.0005143229166666835,0.0005273437500000108,0
13616.012173461873,-0.18550130208333335,0.0003710937500000318,-0.0026497395833333316,0
9369.450647783748,-0.014765625000000011,-0.021940104166666686,0.0004557291666666727,0
3557.6226097035324,0.0003971354166666963,0.04345703124999998,-0.0014127604166666694,0
6969.062901641806,0.10921223958333338,-0.14807942708333338,0.023457031250000013,1
19209.549931607402,-0.11805989583333333,0.026458333333333306,0.008580729166666681,1
5371.99350088802,0.14650390625,-0.022779947916666727,0.002519531249999982,1
6146.4926833750005,0.06477213541666667,0.0015299479166667662,-0.0027278645833333807,1
7415.0272517089425,-0.13333984375000005,-0.0879882812500001,0.00016276041666667961,1
6522.189674665283,0.020136718749999977,0.013444010416666667,0.0017513020833333551,1
4479.394498426651,0.11100260416666671,0.0510546875,-0.0005468750000000594,1
6824.375011364578,-0.07381510416666667,-0.03558593749999993,0.0031380208333333438,1
8215.654863308211,-0.0311328125,0.16757812500000008,0.005026041666666594,1
22959.255529923506,0.06990885416666669,-0.018424479166666716,0.0024739583333333523,1
25604.028661786873,0.10580078124999992,-0.004355468749999967,0.0023632812499999934,1
6037.728974013903,0.17167317708333332,0.008834635416666637,0.00244140624999996,1
2883.3179849851826,-0.05876302083333333,-0.04549479166666661,0.0018750000000000329,1
3627.4007113697917,0.1504361979166667,-0.047102864583333307,0.003222656249999939,1
4383.794076334467,0.09208333333333331,-0.05770833333333339,-0.001236979166666665,1
4566.883703317601,0.072734375,0.028750000000000078,-0.0009895833333333599,1
10778.860706684329,-0.011074218750000047,0.09458984375000005,-0.0016601562499999794,1
7387.694629882645,-0.07106770833333331,0.017005208333333355,-0.0002734374999999858,1
6758.536617838374,0.17201822916666668,-0.0638802083333333,0.0011979166666666577,1
7502.1457823688115,0.052812500000000026,-0.004817708333333493,0.010039062500000046,1
7665.207211238609,0.001614583333333286,0.0877213541666667,-0.001835937500000006,1
6753.316548003474,-0.04080729166666672,-0.1212630208333334,-0.0004557291666666435,1
8047.543618048734,0.19996744791666668,-0.04742838541666666,0.000618489583333338,1
12899.1212461361,-0.13867838541666672,-0.035852864583333324,6.510416666666898e-06,1
8416.475038062163,-0.09810546874999992,-0.028548177083333275,-0.0009960937500000189,1
5433.227532615663,0.03559895833333338,0.031197916666666672,-0.0028255208333333817,1
5568.806779559836,0.04834635416666674,0.027330729166666685,-0.00011718750000001337,1
7441.660487390099,-0.027389322916666625,-0.026673177083333305,0.0015039062500000315,1
12582.483080337486,0.15983723958333335,0.024134114583333314,0.0026888020833333156,1
3980.8711002634273,0.21464192708333332,-0.006503906249999888,0.002194010416666676,1
12421.714225740183,-0.10850911458333333,-0.21671223958333333,-0.0031445312500000236,1
5106.4311093105325,-0.13107421875,0.08302734374999998,0.0006705729166666156,1
3556.4067341496793,0.062395833333333366,-0.03678385416666672,-0.009401041666666651,1
3720.81708658583,0.06872395833333338,-0.027617187500000053,0.0001432291666666468,1
4491.300249560506,-0.0029101562499999614,-0.08083984375000003,-0.0001106770833333465,1
3420.615823998982,0.04875651041666669,-0.11193359374999998,0.0019856770833333644,1
6063.203211310325,0.10600260416666674,0.1342838541666668,-0.0010286458333333295,1
8913.957816760214,0.0028710937499999913,-0.20880859374999997,-0.0011783854166666663,1
9212.92429020992,0.1950846354166667,0.14117838541666677,-0.0005664062500000261,1
12960.478739403623,0.07523437500000005,-0.14789062500000005,0.008020833333333305,1
4991.063653818386,0.17326171875,-0.09003255208333337,0.0033398437499999787,1
2675.465976985678,0.006822916666666618,-0.1637369791666666,-0.0027734375000000506,1
2727.819884006713,0.09311848958333334,0.10623046874999999,-0.0005664062500000239,1
13182.295833803817,-0.033307291666666634,0.02365885416666664,0.008489583333333337,1
14478.198891702232,-0.022115885416666644,0.012532552083333395,0.0019205729166667073,1
7923.21730656586,0.11889322916666668,0.09994791666666669,0.0007291666666666397,1
3498.560082531569,-0.08608072916666666,-0.07845052083333334,-0.001236979166666666,1
4969.201580335831,0.2357682291666667,0.08326822916666664,0.003880208333333288,1
7931.228219781453,-0.09972005208333334,-0.06582682291666667,0.0016471354166666806,1
6281.892133610663,-0.006542968749999984,-0.0013606770833332904,0.00043619791666662974,1
4431.109684792584,-0.020299479166666686,0.014010416666666636,-0.0005468750000000203,1
17052.474320789934,0.02248697916666669,0.018789062499999936,0.004114583333333288,1
9152.9438854268,0.03833984375000003,-0.1906315104166668,-0.0005794270833333286,1
7890.388284961915,0.0055533854166666665,0.038509114583333344,0.0020377604166666994,1
3322.549796004233,0.04649739583333335,-0.0641927083333333,0.00019531249999997873,1
4362.0844820948305,-0.036106770833333364,0.014257812500000036,-0.001080729166666648,1
13742.667888450624,0.13997395833333337,-0.08119791666666668,-0.0007942708333333457,1
7416.502008662756,0.27010416666666665,-0.0688151041666667,0.0013541666666667073,1
6220.792469051109,-0.0061328125000000115,0.04364583333333328,0.0021744791666666818,1
2827.992914374289,0.04833333333333336,-0.02800781250000001,0.0005729166666666869,1
19337.039503901808,0.05001953125000003,5.8593750000074015e-05,0.00046223958333336916,0
20538.204179595912,0.02701171875,0.058730468750000014,0.002011718749999979,0
7673.44873326806,-0.021106770833333333,0.0002473958333333266,0.0031901041666666757,0
24929.560457373685,-0.08425130208333333,0.0027929687499999444,0.0005403645833333405,0
22742.932644883225,-0.1786328125,0.08268229166666663,-0.007851562499999989,0
21592.776203733833,0.0076953125,0.00380208333333332,-0.0004166666666666517,0
21172.01239543305,-0.005507812499999989,0.18802083333333333,0.00046874999999999266,0
13102.508960801193,0.05967447916666667,0.0009635416666667681,-0.0013932291666666921,0
23075.821271974317,0.021217447916666667,-0.000996093749999945,0.001673177083333364,0
11913.207714164058,-0.23138020833333334,0.06382812500000001,0.0008723958333333124,0
27438.914423501934,0.006054687500000001,0.005690104166666638,-0.001067708333333337,0
12281.383028472226,-0.0010416666666666667,-0.0004166666666666759,-5.208333333332445e-05,0
7771.880311619697,-0.0011132812500000045,0.00586588541666666,0.007766927083333327,0
22634.881614269638,-0.00755859375,0.006152343750000037,-0.0008398437499999846,0
16478.4708500156,-0.035872395833333265,-0.06257812500000003,-0.0003515625000000151,0
27950.612217361413,-0.35957682291666665,-0.06681640625000004,0.001139322916666687,0
25324.923361389127,0.04917317708333338,-0.012363281249999964,-0.002506510416666661,0
26528.427225594038,0.16745442708333327,0.004303385416666665,0.00041015625000002514,0
24404.270240732796,-0.005904947916666667,-0.00718098958333339,0.0010872395833333218,0
17769.726656748462,-0.0018749999999999763,0.003033854166666677,3.9062500000002705e-05,0
25973.18014774561,0.11113281250000007,0.003229166666666716,0.001197916666666697,0
15739.783561950646,-0.09800130208333334,-0.03057942708333334,0.0011653645833333286,0
38891.79984973128,-0.010572916666666666,-0.0035026041666666933,5.208333333333884e-05,0
8705.944653482395,-0.0017057291666666666,0.0005729166666666578,-0.0004557291666666549,0
16883.710936780764,0.23063151041666666,-0.09259765624999998,-0.0005794270833333165,0
16549.11715209809,-0.0016015625000000238,0.28415364583333336,0.00032552083333333456,0
31413.99796534221,0.0203515625,-0.0012239583333332855,-0.0006119791666666628,0
16357.424258048335,0.0014713541666666727,-0.006914062499999944,-0.0014192708333333464,0
10398.367446852626,-0.001328125,0.05747395833333336,0.002317708333333322,0
24237.465115797942,-0.011132812499999976,-0.00881510416666665,0.0026562499999999833,0
8322.093501464802,-0.17708984375,0.07594401041666665,-0.0012955729166666708,0
21431.44074902073,0.010520833333333333,-0.052578125,-0.0014322916666666395,0
20060.359589139774,-0.010410156250000047,0.0019466145833333674,-0.0010091145833333135,0
33052.49108422783,-0.01848958333333331,-0.0022395833333333087,0.0008593749999999952,0
15915.35552004937,-0.0018619791666666667,0.008281249999999981,0.00147135416666666,0
8382.439206271321,-0.030644531249999964,-0.015683593750000006,-0.0008007812500000169,0
33444.94354846039,0.10428385416666669,0.0033333333333332594,-0.0030208333333333385,0
20539.072567274314,0.09979166666666667,0.04132812499999998,-0.0005729166666666683,0
29489.948407750417,-0.00642578125,-0.13757161458333336,0.000878906249999978,0
33996.1913457784,-0.14833333333333334,-0.016445312500000024,0.0003515624999999851,0
8519.39756289974,-0.03776692708333334,-0.12751953125,-0.0005273437499999866,0
17868.333792154277,-0.20509114583333332,-0.03794270833333334,-0.001497395833333338,0
30926.167573845385,0.014785156250000023,0.007167968749999998,-0.00017578124999999492,0
21853.504760543445,0.05033203125000003,0.007220052083333415,-0.0008138020833333204,0
20569.698084185755,0.00020182291666666667,0.12184244791666664,-0.00024088541666666556,0
9682.737834482788,-0.002936197916666667,0.007233072916666597,-0.0014648437500000132,0
27428.64468911388,-0.00028645833333330964,0.0085286458333334,0.0021093750000000066,0
10243.519735285403,0.041529947916666664,-0.05496744791666664,-0.0006445312500000173,0
30344.034082908638,-0.024062499999999976,-0.0027473958333333044,7.812499999996008e-05,0
29423.857828851964,-0.009641927083333333,0.07073567708333335,-0.00013671875000000665,0
18038.550522298818,0.12456380208333329,0.007076822916666632,-0.0010351562499999894,0
34318.399664110664,-0.18329427083333333,0.004804687499999963,0.0018750000000000145,0
23958.757027861884,0.15845052083333339,-0.06158854166666671,0.00040364583333331577,0
24334.87891872407,0.018203125000000143,0.0001953125000000109,0.0022395833333333595,0
24655.269058894868,0.011197916666666667,0.01660156250000002,-0.0017057291666666438,0
10905.54463529443,-0.0037630208333333335,0.002395833333333293,-0.000364583333333311,0
39696.355365098076,0.018242187499999906,-0.06708333333333344,-0.0019921875000000386,0
9137.387478701277,-0.3155859375,0.0031770833333332636,0.0010937499999999713,0
2614.731013345677,-0.0773177083333334,0.04569010416666663,-0.0001171874999999703,0
17914.098382809796,-0.3150911458333333,0.019635416666666627,-0.0011588541666666503,0
